architecture,attack_accuracy,macro_precision,macro_recall,macro_f1,valid_rule_rate,retrieval_hit_at_3,avg_option_coverage,avg_hallucination_risk
agentic_rag,1.0,1.0,1.0,1.0,0.9166666666666666,1.0,0.7407407407407408,0.020833333333333332
graph_rag,1.0,1.0,1.0,1.0,0.9166666666666666,1.0,0.7407407407407408,0.03333333333333333
multi_hop,1.0,1.0,1.0,1.0,0.9166666666666666,1.0,0.7407407407407408,0.03333333333333333
rag_classic,1.0,1.0,1.0,1.0,0.9166666666666666,1.0,0.7407407407407408,0.03333333333333333
rag_hybrid,1.0,1.0,1.0,1.0,0.9166666666666666,1.0,0.7407407407407408,0.03333333333333333
rag_rerank,1.0,1.0,1.0,1.0,0.9166666666666666,1.0,0.7407407407407408,0.03333333333333333
baseline,1.0,1.0,1.0,1.0,0.9166666666666666,0.0,0.7407407407407408,0.33749999999999997
